order_id,customer_id,order_purchase_timestamp,order_delivered_customer_date,order_estimated_delivery_date,price,freight_value,product_id,product_category_name,review_score,payment_type
ORD_01001,CUST_0103,2024-01-01 00:00:00,2024-01-07 00:00:00,2024-01-11 00:00:00,64.44,21.25,PROD_ELEC_01,electronics,4,credit_card
ORD_01002,CUST_0122,2024-01-01 12:26:49,2024-01-06 12:26:49,2024-01-09 12:26:49,123.74,13.67,PROD_BEAUTY_02,health_beauty,3,credit_card
ORD_01003,CUST_0131,2024-01-02 00:53:38,2024-01-10 00:53:38,2024-01-12 00:53:38,233.53,22.15,PROD_WATCH_03,watches_gifts,3,credit_card
ORD_01004,CUST_0021,2024-01-02 13:20:27,2024-01-05 13:20:27,2024-01-11 13:20:27,156.51,8.12,PROD_HOME_04,bed_bath_table,1,credit_card
ORD_01005,CUST_0059,2024-01-03 01:47:16,2024-01-15 01:47:16,2024-01-12 01:47:16,234.36,11.96,PROD_FITNESS_05,sports_leisure,2,credit_card
ORD_01006,CUST_0051,2024-01-03 14:14:05,2024-01-12 14:14:05,2024-01-12 14:14:05,152.37,8.79,PROD_ELEC_01,electronics,5,credit_card
ORD_01007,CUST_0021,2024-01-04 02:40:55,2024-01-15 02:40:55,2024-01-11 02:40:55,229.01,24.42,PROD_BEAUTY_02,health_beauty,5,credit_card
ORD_01008,CUST_0009,2024-01-04 15:07:44,2024-01-16 15:07:44,2024-01-14 15:07:44,74.64,12.1,PROD_WATCH_03,watches_gifts,5,credit_card
ORD_01009,CUST_0008,2024-01-05 03:34:33,2024-01-10 03:34:33,2024-01-16 03:34:33,109.08,11.1,PROD_HOME_04,bed_bath_table,5,credit_card
ORD_01010,CUST_0134,2024-01-05 16:01:22,2024-01-13 16:01:22,2024-01-12 16:01:22,147.06,8.53,PROD_FITNESS_05,sports_leisure,5,credit_card
ORD_01011,CUST_0044,2024-01-06 04:28:11,2024-01-10 04:28:11,2024-01-13 04:28:11,217.39,18.16,PROD_ELEC_01,electronics,5,credit_card
ORD_01012,CUST_0040,2024-01-06 16:55:00,2024-01-13 16:55:00,2024-01-16 16:55:00,83.34,22.09,PROD_BEAUTY_02,health_beauty,4,credit_card
ORD_01013,CUST_0124,2024-01-07 05:21:50,2024-01-18 05:21:50,2024-01-17 05:21:50,197.47,9.27,PROD_WATCH_03,watches_gifts,5,credit_card
ORD_01014,CUST_0088,2024-01-07 17:48:39,2024-01-10 17:48:39,2024-01-16 17:48:39,88.1,8.24,PROD_HOME_04,bed_bath_table,3,credit_card
ORD_01015,CUST_0136,2024-01-08 06:15:28,2024-01-13 06:15:28,2024-01-16 06:15:28,190.82,9.26,PROD_FITNESS_05,sports_leisure,4,credit_card
ORD_01016,CUST_0041,2024-01-08 18:42:17,2024-01-17 18:42:17,2024-01-14 18:42:17,159.01,13.63,PROD_ELEC_01,electronics,2,credit_card
ORD_01017,CUST_0062,2024-01-09 07:09:06,2024-01-19 07:09:06,2024-01-19 07:09:06,181.87,18.84,PROD_BEAUTY_02,health_beauty,5,credit_card
ORD_01018,CUST_0101,2024-01-09 19:35:55,2024-01-14 19:35:55,2024-01-15 19:35:55,180.17,12.01,PROD_WATCH_03,watches_gifts,4,credit_card
ORD_01019,CUST_0027,2024-01-10 08:02:45,2024-01-21 08:02:45,2024-01-17 08:02:45,30.47,9.83,PROD_HOME_04,bed_bath_table,1,credit_card
ORD_01020,CUST_0052,2024-01-10 20:29:34,2024-01-16 20:29:34,2024-01-21 20:29:34,54.96,18.28,PROD_FITNESS_05,sports_leisure,4,credit_card
ORD_01021,CUST_0029,2024-01-11 08:56:23,2024-01-17 08:56:23,2024-01-21 08:56:23,41.55,12.93,PROD_ELEC_01,electronics,3,credit_card
ORD_01022,CUST_0066,2024-01-11 21:23:12,2024-01-23 21:23:12,2024-01-21 21:23:12,88.56,9.79,PROD_BEAUTY_02,health_beauty,4,credit_card
ORD_01023,CUST_0108,2024-01-12 09:50:01,2024-01-18 09:50:01,2024-01-23 09:50:01,214.91,13.51,PROD_WATCH_03,watches_gifts,2,credit_card
ORD_01024,CUST_0129,2024-01-12 22:16:50,2024-01-23 22:16:50,2024-01-20 22:16:50,116.83,21.91,PROD_HOME_04,bed_bath_table,5,credit_card
ORD_01025,CUST_0103,2024-01-13 10:43:40,2024-01-21 10:43:40,2024-01-21 10:43:40,114.74,11.78,PROD_FITNESS_05,sports_leisure,2,credit_card
ORD_01026,CUST_0059,2024-01-13 23:10:29,2024-01-21 23:10:29,2024-01-19 23:10:29,111.82,9.1,PROD_ELEC_01,electronics,4,credit_card
ORD_01027,CUST_0012,2024-01-14 11:37:18,2024-01-23 11:37:18,2024-01-21 11:37:18,178.14,10.52,PROD_BEAUTY_02,health_beauty,5,credit_card
ORD_01028,CUST_0113,2024-01-15 00:04:07,2024-01-19 00:04:07,2024-01-22 00:04:07,113.37,8.56,PROD_WATCH_03,watches_gifts,4,credit_card
ORD_01029,CUST_0129,2024-01-15 12:30:56,2024-01-20 12:30:56,2024-01-26 12:30:56,56.15,16.32,PROD_HOME_04,bed_bath_table,5,credit_card
ORD_01030,CUST_0068,2024-01-16 00:57:45,2024-01-25 00:57:45,2024-01-24 00:57:45,104.48,12.12,PROD_FITNESS_05,sports_leisure,5,credit_card
ORD_01031,CUST_0069,2024-01-16 13:24:35,2024-01-22 13:24:35,2024-01-23 13:24:35,161.21,17.11,PROD_ELEC_01,electronics,2,credit_card
ORD_01032,CUST_0097,2024-01-17 01:51:24,2024-01-28 01:51:24,2024-01-26 01:51:24,134.26,19.83,PROD_BEAUTY_02,health_beauty,5,credit_card
ORD_01033,CUST_0147,2024-01-17 14:18:13,2024-01-29 14:18:13,2024-01-25 14:18:13,199.04,13.93,PROD_WATCH_03,watches_gifts,2,credit_card
ORD_01034,CUST_0128,2024-01-18 02:45:02,2024-01-27 02:45:02,2024-01-25 02:45:02,205.11,19.49,PROD_HOME_04,bed_bath_table,5,credit_card
ORD_01035,CUST_0042,2024-01-18 15:11:51,2024-01-23 15:11:51,2024-01-27 15:11:51,62.62,24.7,PROD_FITNESS_05,sports_leisure,4,credit_card
ORD_01036,CUST_0113,2024-01-19 03:38:40,2024-01-23 03:38:40,2024-01-25 03:38:40,45.02,23.25,PROD_ELEC_01,electronics,5,credit_card
ORD_01037,CUST_0009,2024-01-19 16:05:30,2024-01-30 16:05:30,2024-01-27 16:05:30,175.58,22.39,PROD_BEAUTY_02,health_beauty,5,credit_card
ORD_01038,CUST_0054,2024-01-20 04:32:19,2024-01-30 04:32:19,2024-01-26 04:32:19,163.04,9.43,PROD_WATCH_03,watches_gifts,3,credit_card
ORD_01039,CUST_0104,2024-01-20 16:59:08,2024-01-26 16:59:08,2024-01-31 16:59:08,26.98,9.73,PROD_HOME_04,bed_bath_table,5,credit_card
ORD_01040,CUST_0093,2024-01-21 05:25:57,2024-01-25 05:25:57,2024-02-01 05:25:57,142.98,19.76,PROD_FITNESS_05,sports_leisure,5,credit_card
ORD_01041,CUST_0068,2024-01-21 17:52:46,2024-01-24 17:52:46,2024-02-01 17:52:46,94.96,20.69,PROD_ELEC_01,electronics,5,credit_card
ORD_01042,CUST_0135,2024-01-22 06:19:35,2024-01-27 06:19:35,2024-01-28 06:19:35,91.23,17.22,PROD_BEAUTY_02,health_beauty,4,credit_card
ORD_01043,CUST_0119,2024-01-22 18:46:25,2024-01-30 18:46:25,2024-02-02 18:46:25,151.82,24.64,PROD_WATCH_03,watches_gifts,4,credit_card
ORD_01044,CUST_0008,2024-01-23 07:13:14,2024-02-05 07:13:14,2024-01-31 07:13:14,195.88,16.54,PROD_HOME_04,bed_bath_table,4,credit_card
ORD_01045,CUST_0061,2024-01-23 19:40:03,2024-01-28 19:40:03,2024-02-01 19:40:03,30.23,18.97,PROD_FITNESS_05,sports_leisure,3,credit_card
ORD_01046,CUST_0046,2024-01-24 08:06:52,2024-01-31 08:06:52,2024-02-04 08:06:52,104.58,8.26,PROD_ELEC_01,electronics,5,credit_card
ORD_01047,CUST_0046,2024-01-24 20:33:41,2024-01-31 20:33:41,2024-02-01 20:33:41,235.77,9.28,PROD_BEAUTY_02,health_beauty,4,credit_card
ORD_01048,CUST_0067,2024-01-25 09:00:30,2024-01-29 09:00:30,2024-01-31 09:00:30,109.86,22.35,PROD_WATCH_03,watches_gifts,5,credit_card
ORD_01049,CUST_0024,2024-01-25 21:27:20,2024-01-29 21:27:20,2024-02-05 21:27:20,102.11,12.32,PROD_HOME_04,bed_bath_table,4,credit_card
ORD_01050,CUST_0017,2024-01-26 09:54:09,2024-02-05 09:54:09,2024-02-01 09:54:09,54.37,20.05,PROD_FITNESS_05,sports_leisure,4,credit_card
ORD_01051,CUST_0026,2024-01-26 22:20:58,2024-01-31 22:20:58,2024-02-02 22:20:58,211.42,23.53,PROD_ELEC_01,electronics,4,credit_card
ORD_01052,CUST_0057,2024-01-27 10:47:47,2024-02-02 10:47:47,2024-02-06 10:47:47,66.77,9.21,PROD_BEAUTY_02,health_beauty,4,credit_card
ORD_01053,CUST_0142,2024-01-27 23:14:36,2024-02-01 23:14:36,2024-02-05 23:14:36,149.46,15.45,PROD_WATCH_03,watches_gifts,5,credit_card
ORD_01054,CUST_0051,2024-01-28 11:41:25,2024-02-08 11:41:25,2024-02-04 11:41:25,141.67,12.87,PROD_HOME_04,bed_bath_table,4,credit_card
ORD_01055,CUST_0086,2024-01-29 00:08:15,2024-02-01 00:08:15,2024-02-07 00:08:15,33.35,13.16,PROD_FITNESS_05,sports_leisure,4,credit_card
ORD_01056,CUST_0101,2024-01-29 12:35:04,2024-02-01 12:35:04,2024-02-08 12:35:04,83.38,24.41,PROD_ELEC_01,electronics,4,credit_card
ORD_01057,CUST_0006,2024-01-30 01:01:53,2024-02-05 01:01:53,2024-02-10 01:01:53,141.24,18.84,PROD_BEAUTY_02,health_beauty,5,credit_card
ORD_01058,CUST_0013,2024-01-30 13:28:42,2024-02-03 13:28:42,2024-02-08 13:28:42,178.64,8.7,PROD_WATCH_03,watches_gifts,4,credit_card
ORD_01059,CUST_0019,2024-01-31 01:55:31,2024-02-12 01:55:31,2024-02-07 01:55:31,30.45,24.37,PROD_HOME_04,bed_bath_table,5,credit_card
ORD_01060,CUST_0137,2024-01-31 14:22:20,2024-02-07 14:22:20,2024-02-06 14:22:20,62.26,10.66,PROD_FITNESS_05,sports_leisure,4,credit_card
ORD_01061,CUST_0126,2024-02-01 02:49:10,2024-02-09 02:49:10,2024-02-07 02:49:10,166.94,12.76,PROD_ELEC_01,electronics,5,credit_card
ORD_01062,CUST_0069,2024-02-01 15:15:59,2024-02-09 15:15:59,2024-02-11 15:15:59,115.21,12.21,PROD_BEAUTY_02,health_beauty,4,credit_card
ORD_01063,CUST_0086,2024-02-02 03:42:48,2024-02-13 03:42:48,2024-02-12 03:42:48,49.96,8.78,PROD_WATCH_03,watches_gifts,1,credit_card
ORD_01064,CUST_0144,2024-02-02 16:09:37,2024-02-14 16:09:37,2024-02-09 16:09:37,130.7,16.05,PROD_HOME_04,bed_bath_table,3,credit_card
ORD_01065,CUST_0101,2024-02-03 04:36:26,2024-02-12 04:36:26,2024-02-10 04:36:26,157.41,18.8,PROD_FITNESS_05,sports_leisure,1,credit_card
ORD_01066,CUST_0138,2024-02-03 17:03:15,2024-02-15 17:03:15,2024-02-11 17:03:15,133.17,22.56,PROD_ELEC_01,electronics,5,credit_card
ORD_01067,CUST_0004,2024-02-04 05:30:05,2024-02-14 05:30:05,2024-02-11 05:30:05,30.7,17.96,PROD_BEAUTY_02,health_beauty,5,credit_card
ORD_01068,CUST_0140,2024-02-04 17:56:54,2024-02-08 17:56:54,2024-02-12 17:56:54,163.31,15.79,PROD_WATCH_03,watches_gifts,4,credit_card
ORD_01069,CUST_0101,2024-02-05 06:23:43,2024-02-10 06:23:43,2024-02-11 06:23:43,231.66,23.39,PROD_HOME_04,bed_bath_table,3,credit_card
ORD_01070,CUST_0141,2024-02-05 18:50:32,2024-02-09 18:50:32,2024-02-15 18:50:32,45.31,19.61,PROD_FITNESS_05,sports_leisure,2,credit_card
ORD_01071,CUST_0008,2024-02-06 07:17:21,2024-02-18 07:17:21,2024-02-13 07:17:21,30.0,21.85,PROD_ELEC_01,electronics,4,credit_card
ORD_01072,CUST_0058,2024-02-06 19:44:11,2024-02-13 19:44:11,2024-02-13 19:44:11,160.22,22.92,PROD_BEAUTY_02,health_beauty,5,credit_card
ORD_01073,CUST_0021,2024-02-07 08:11:00,2024-02-18 08:11:00,2024-02-16 08:11:00,63.15,20.76,PROD_WATCH_03,watches_gifts,5,credit_card
ORD_01074,CUST_0099,2024-02-07 20:37:49,2024-02-13 20:37:49,2024-02-14 20:37:49,78.75,17.87,PROD_HOME_04,bed_bath_table,5,credit_card
ORD_01075,CUST_0037,2024-02-08 09:04:38,2024-02-11 09:04:38,2024-02-18 09:04:38,184.08,12.05,PROD_FITNESS_05,sports_leisure,4,credit_card
ORD_01076,CUST_0113,2024-02-08 21:31:27,2024-02-14 21:31:27,2024-02-14 21:31:27,93.81,23.22,PROD_ELEC_01,electronics,4,credit_card
ORD_01077,CUST_0140,2024-02-09 09:58:16,2024-02-20 09:58:16,2024-02-17 09:58:16,44.63,13.43,PROD_BEAUTY_02,health_beauty,5,credit_card
ORD_01078,CUST_0128,2024-02-09 22:25:06,2024-02-15 22:25:06,2024-02-17 22:25:06,131.0,9.42,PROD_WATCH_03,watches_gifts,2,credit_card
ORD_01079,CUST_0140,2024-02-10 10:51:55,2024-02-21 10:51:55,2024-02-19 10:51:55,169.59,20.79,PROD_HOME_04,bed_bath_table,5,credit_card
ORD_01080,CUST_0057,2024-02-10 23:18:44,2024-02-19 23:18:44,2024-02-20 23:18:44,225.15,24.56,PROD_FITNESS_05,sports_leisure,5,credit_card
ORD_01081,CUST_0122,2024-02-11 11:45:33,2024-02-18 11:45:33,2024-02-19 11:45:33,215.86,13.97,PROD_ELEC_01,electronics,2,credit_card
ORD_01082,CUST_0076,2024-02-12 00:12:22,2024-02-23 00:12:22,2024-02-19 00:12:22,204.95,22.74,PROD_BEAUTY_02,health_beauty,5,credit_card
ORD_01083,CUST_0141,2024-02-12 12:39:11,2024-02-22 12:39:11,2024-02-19 12:39:11,110.28,23.16,PROD_WATCH_03,watches_gifts,3,credit_card
ORD_01084,CUST_0029,2024-02-13 01:06:01,2024-02-20 01:06:01,2024-02-24 01:06:01,237.13,14.36,PROD_HOME_04,bed_bath_table,4,credit_card
ORD_01085,CUST_0145,2024-02-13 13:32:50,2024-02-22 13:32:50,2024-02-19 13:32:50,152.26,13.95,PROD_FITNESS_05,sports_leisure,5,credit_card
ORD_01086,CUST_0019,2024-02-14 01:59:39,2024-02-22 01:59:39,2024-02-22 01:59:39,78.48,13.61,PROD_ELEC_01,electronics,4,credit_card
ORD_01087,CUST_0141,2024-02-14 14:26:28,2024-02-18 14:26:28,2024-02-23 14:26:28,147.87,20.6,PROD_BEAUTY_02,health_beauty,5,credit_card
ORD_01088,CUST_0127,2024-02-15 02:53:17,2024-02-26 02:53:17,2024-02-21 02:53:17,171.42,12.04,PROD_WATCH_03,watches_gifts,4,credit_card
ORD_01089,CUST_0113,2024-02-15 15:20:06,2024-02-26 15:20:06,2024-02-21 15:20:06,73.07,24.37,PROD_HOME_04,bed_bath_table,1,credit_card
ORD_01090,CUST_0061,2024-02-16 03:46:56,2024-02-23 03:46:56,2024-02-27 03:46:56,223.8,23.62,PROD_FITNESS_05,sports_leisure,4,credit_card
ORD_01091,CUST_0147,2024-02-16 16:13:45,2024-02-22 16:13:45,2024-02-22 16:13:45,137.47,18.7,PROD_ELEC_01,electronics,5,credit_card
ORD_01092,CUST_0001,2024-02-17 04:40:34,2024-02-24 04:40:34,2024-02-28 04:40:34,150.63,23.32,PROD_BEAUTY_02,health_beauty,1,credit_card
ORD_01093,CUST_0012,2024-02-17 17:07:23,2024-02-29 17:07:23,2024-02-28 17:07:23,122.97,18.54,PROD_WATCH_03,watches_gifts,4,credit_card
ORD_01094,CUST_0092,2024-02-18 05:34:12,2024-02-24 05:34:12,2024-02-25 05:34:12,108.48,11.9,PROD_HOME_04,bed_bath_table,4,credit_card
ORD_01095,CUST_0101,2024-02-18 18:01:01,2024-02-29 18:01:01,2024-02-27 18:01:01,237.04,19.87,PROD_FITNESS_05,sports_leisure,4,credit_card
ORD_01096,CUST_0141,2024-02-19 06:27:51,2024-02-24 06:27:51,2024-02-29 06:27:51,227.21,15.08,PROD_ELEC_01,electronics,4,credit_card
ORD_01097,CUST_0010,2024-02-19 18:54:40,2024-02-29 18:54:40,2024-03-01 18:54:40,211.2,8.77,PROD_BEAUTY_02,health_beauty,1,credit_card
ORD_01098,CUST_0033,2024-02-20 07:21:29,2024-02-28 07:21:29,2024-02-26 07:21:29,128.28,24.75,PROD_WATCH_03,watches_gifts,4,credit_card
ORD_01099,CUST_0026,2024-02-20 19:48:18,2024-03-02 19:48:18,2024-03-02 19:48:18,203.27,17.67,PROD_HOME_04,bed_bath_table,2,credit_card
ORD_01100,CUST_0105,2024-02-21 08:15:07,2024-02-26 08:15:07,2024-02-27 08:15:07,27.94,9.28,PROD_FITNESS_05,sports_leisure,5,credit_card
ORD_01101,CUST_0095,2024-02-21 20:41:56,2024-02-28 20:41:56,2024-03-03 20:41:56,221.33,17.95,PROD_ELEC_01,electronics,5,credit_card
ORD_01102,CUST_0083,2024-02-22 09:08:46,2024-02-25 09:08:46,2024-03-03 09:08:46,121.87,10.2,PROD_BEAUTY_02,health_beauty,5,credit_card
ORD_01103,CUST_0004,2024-02-22 21:35:35,2024-02-25 21:35:35,2024-02-28 21:35:35,187.75,8.8,PROD_WATCH_03,watches_gifts,4,credit_card
ORD_01104,CUST_0039,2024-02-23 10:02:24,2024-03-06 10:02:24,2024-03-01 10:02:24,136.87,21.13,PROD_HOME_04,bed_bath_table,4,credit_card
ORD_01105,CUST_0012,2024-02-23 22:29:13,2024-02-26 22:29:13,2024-03-05 22:29:13,233.11,9.5,PROD_FITNESS_05,sports_leisure,5,credit_card
ORD_01106,CUST_0145,2024-02-24 10:56:02,2024-03-04 10:56:02,2024-03-05 10:56:02,158.37,19.97,PROD_ELEC_01,electronics,3,credit_card
ORD_01107,CUST_0038,2024-02-24 23:22:51,2024-02-28 23:22:51,2024-03-02 23:22:51,161.88,17.43,PROD_BEAUTY_02,health_beauty,2,credit_card
ORD_01108,CUST_0052,2024-02-25 11:49:41,2024-03-07 11:49:41,2024-03-07 11:49:41,121.95,23.48,PROD_WATCH_03,watches_gifts,4,credit_card
ORD_01109,CUST_0106,2024-02-26 00:16:30,2024-03-02 00:16:30,2024-03-03 00:16:30,229.15,10.5,PROD_HOME_04,bed_bath_table,5,credit_card
ORD_01110,CUST_0074,2024-02-26 12:43:19,2024-02-29 12:43:19,2024-03-06 12:43:19,39.24,8.78,PROD_FITNESS_05,sports_leisure,5,credit_card
ORD_01111,CUST_0126,2024-02-27 01:10:08,2024-03-11 01:10:08,2024-03-06 01:10:08,76.63,9.29,PROD_ELEC_01,electronics,2,credit_card
ORD_01112,CUST_0080,2024-02-27 13:36:57,2024-03-11 13:36:57,2024-03-09 13:36:57,175.0,11.06,PROD_BEAUTY_02,health_beauty,5,credit_card
ORD_01113,CUST_0025,2024-02-28 02:03:46,2024-03-04 02:03:46,2024-03-07 02:03:46,135.78,24.54,PROD_WATCH_03,watches_gifts,5,credit_card
ORD_01114,CUST_0051,2024-02-28 14:30:36,2024-03-04 14:30:36,2024-03-09 14:30:36,61.32,12.74,PROD_HOME_04,bed_bath_table,3,credit_card
ORD_01115,CUST_0149,2024-02-29 02:57:25,2024-03-08 02:57:25,2024-03-06 02:57:25,139.9,14.05,PROD_FITNESS_05,sports_leisure,5,credit_card
ORD_01116,CUST_0078,2024-02-29 15:24:14,2024-03-12 15:24:14,2024-03-10 15:24:14,94.14,9.57,PROD_ELEC_01,electronics,4,credit_card
ORD_01117,CUST_0056,2024-03-01 03:51:03,2024-03-14 03:51:03,2024-03-11 03:51:03,25.56,22.76,PROD_BEAUTY_02,health_beauty,2,credit_card
ORD_01118,CUST_0099,2024-03-01 16:17:52,2024-03-07 16:17:52,2024-03-12 16:17:52,75.77,20.92,PROD_WATCH_03,watches_gifts,4,credit_card
ORD_01119,CUST_0130,2024-03-02 04:44:41,2024-03-14 04:44:41,2024-03-13 04:44:41,56.76,10.26,PROD_HOME_04,bed_bath_table,5,credit_card
ORD_01120,CUST_0107,2024-03-02 17:11:31,2024-03-06 17:11:31,2024-03-09 17:11:31,101.14,14.75,PROD_FITNESS_05,sports_leisure,2,credit_card
ORD_01121,CUST_0119,2024-03-03 05:38:20,2024-03-10 05:38:20,2024-03-12 05:38:20,29.32,13.48,PROD_ELEC_01,electronics,3,credit_card
ORD_01122,CUST_0126,2024-03-03 18:05:09,2024-03-14 18:05:09,2024-03-09 18:05:09,98.73,16.06,PROD_BEAUTY_02,health_beauty,4,credit_card
ORD_01123,CUST_0109,2024-03-04 06:31:58,2024-03-08 06:31:58,2024-03-13 06:31:58,140.48,17.98,PROD_WATCH_03,watches_gifts,5,credit_card
ORD_01124,CUST_0113,2024-03-04 18:58:47,2024-03-09 18:58:47,2024-03-11 18:58:47,86.01,14.17,PROD_HOME_04,bed_bath_table,5,credit_card
ORD_01125,CUST_0059,2024-03-05 07:25:36,2024-03-13 07:25:36,2024-03-15 07:25:36,225.74,8.13,PROD_FITNESS_05,sports_leisure,3,credit_card
ORD_01126,CUST_0070,2024-03-05 19:52:26,2024-03-14 19:52:26,2024-03-14 19:52:26,207.93,9.49,PROD_ELEC_01,electronics,5,credit_card
ORD_01127,CUST_0055,2024-03-06 08:19:15,2024-03-17 08:19:15,2024-03-14 08:19:15,137.77,14.98,PROD_BEAUTY_02,health_beauty,5,credit_card
ORD_01128,CUST_0006,2024-03-06 20:46:04,2024-03-10 20:46:04,2024-03-15 20:46:04,233.44,22.71,PROD_WATCH_03,watches_gifts,5,credit_card
ORD_01129,CUST_0113,2024-03-07 09:12:53,2024-03-17 09:12:53,2024-03-18 09:12:53,168.76,23.8,PROD_HOME_04,bed_bath_table,4,credit_card
ORD_01130,CUST_0136,2024-03-07 21:39:42,2024-03-19 21:39:42,2024-03-15 21:39:42,205.3,11.49,PROD_FITNESS_05,sports_leisure,5,credit_card
ORD_01131,CUST_0068,2024-03-08 10:06:31,2024-03-13 10:06:31,2024-03-17 10:06:31,134.14,12.12,PROD_ELEC_01,electronics,2,credit_card
ORD_01132,CUST_0090,2024-03-08 22:33:21,2024-03-16 22:33:21,2024-03-18 22:33:21,133.81,23.84,PROD_BEAUTY_02,health_beauty,4,credit_card
ORD_01133,CUST_0003,2024-03-09 11:00:10,2024-03-12 11:00:10,2024-03-20 11:00:10,97.37,10.29,PROD_WATCH_03,watches_gifts,2,credit_card
ORD_01134,CUST_0130,2024-03-09 23:26:59,2024-03-19 23:26:59,2024-03-16 23:26:59,43.89,10.36,PROD_HOME_04,bed_bath_table,1,credit_card
ORD_01135,CUST_0009,2024-03-10 11:53:48,2024-03-23 11:53:48,2024-03-21 11:53:48,113.55,13.93,PROD_FITNESS_05,sports_leisure,5,credit_card
ORD_01136,CUST_0062,2024-03-11 00:20:37,2024-03-15 00:20:37,2024-03-22 00:20:37,225.58,24.85,PROD_ELEC_01,electronics,3,credit_card
ORD_01137,CUST_0035,2024-03-11 12:47:26,2024-03-14 12:47:26,2024-03-22 12:47:26,35.34,21.29,PROD_BEAUTY_02,health_beauty,5,credit_card
ORD_01138,CUST_0014,2024-03-12 01:14:16,2024-03-17 01:14:16,2024-03-22 01:14:16,65.08,12.01,PROD_WATCH_03,watches_gifts,5,credit_card
ORD_01139,CUST_0062,2024-03-12 13:41:05,2024-03-18 13:41:05,2024-03-18 13:41:05,213.6,14.67,PROD_HOME_04,bed_bath_table,5,credit_card
ORD_01140,CUST_0039,2024-03-13 02:07:54,2024-03-23 02:07:54,2024-03-24 02:07:54,218.43,18.61,PROD_FITNESS_05,sports_leisure,4,credit_card
ORD_01141,CUST_0063,2024-03-13 14:34:43,2024-03-16 14:34:43,2024-03-19 14:34:43,101.4,14.66,PROD_ELEC_01,electronics,4,credit_card
ORD_01142,CUST_0053,2024-03-14 03:01:32,2024-03-24 03:01:32,2024-03-22 03:01:32,141.71,15.34,PROD_BEAUTY_02,health_beauty,4,credit_card
ORD_01143,CUST_0042,2024-03-14 15:28:22,2024-03-20 15:28:22,2024-03-24 15:28:22,131.52,20.6,PROD_WATCH_03,watches_gifts,4,credit_card
ORD_01144,CUST_0038,2024-03-15 03:55:11,2024-03-26 03:55:11,2024-03-21 03:55:11,177.0,21.24,PROD_HOME_04,bed_bath_table,3,credit_card
ORD_01145,CUST_0086,2024-03-15 16:22:00,2024-03-19 16:22:00,2024-03-22 16:22:00,131.21,20.83,PROD_FITNESS_05,sports_leisure,2,credit_card
ORD_01146,CUST_0141,2024-03-16 04:48:49,2024-03-22 04:48:49,2024-03-26 04:48:49,52.41,14.75,PROD_ELEC_01,electronics,5,credit_card
ORD_01147,CUST_0005,2024-03-16 17:15:38,2024-03-22 17:15:38,2024-03-25 17:15:38,190.95,8.21,PROD_BEAUTY_02,health_beauty,4,credit_card
ORD_01148,CUST_0036,2024-03-17 05:42:27,2024-03-29 05:42:27,2024-03-25 05:42:27,153.79,22.06,PROD_WATCH_03,watches_gifts,5,credit_card
ORD_01149,CUST_0104,2024-03-17 18:09:17,2024-03-25 18:09:17,2024-03-28 18:09:17,111.18,15.85,PROD_HOME_04,bed_bath_table,5,credit_card
ORD_01150,CUST_0140,2024-03-18 06:36:06,2024-03-30 06:36:06,2024-03-28 06:36:06,54.91,9.71,PROD_FITNESS_05,sports_leisure,4,credit_card
ORD_01151,CUST_0104,2024-03-18 19:02:55,2024-03-31 19:02:55,2024-03-27 19:02:55,46.98,23.62,PROD_ELEC_01,electronics,5,credit_card
ORD_01152,CUST_0037,2024-03-19 07:29:44,2024-03-29 07:29:44,2024-03-26 07:29:44,190.82,14.37,PROD_BEAUTY_02,health_beauty,2,credit_card
ORD_01153,CUST_0051,2024-03-19 19:56:33,2024-03-29 19:56:33,2024-03-25 19:56:33,224.0,15.66,PROD_WATCH_03,watches_gifts,2,credit_card
ORD_01154,CUST_0149,2024-03-20 08:23:22,2024-04-01 08:23:22,2024-03-31 08:23:22,65.06,22.24,PROD_HOME_04,bed_bath_table,4,credit_card
ORD_01155,CUST_0055,2024-03-20 20:50:12,2024-03-25 20:50:12,2024-03-30 20:50:12,106.55,20.65,PROD_FITNESS_05,sports_leisure,3,credit_card
ORD_01156,CUST_0057,2024-03-21 09:17:01,2024-03-28 09:17:01,2024-03-28 09:17:01,96.7,14.77,PROD_ELEC_01,electronics,4,credit_card
ORD_01157,CUST_0075,2024-03-21 21:43:50,2024-03-29 21:43:50,2024-03-28 21:43:50,125.13,16.17,PROD_BEAUTY_02,health_beauty,5,credit_card
ORD_01158,CUST_0128,2024-03-22 10:10:39,2024-04-04 10:10:39,2024-03-30 10:10:39,122.27,10.39,PROD_WATCH_03,watches_gifts,3,credit_card
ORD_01159,CUST_0088,2024-03-22 22:37:28,2024-03-25 22:37:28,2024-03-28 22:37:28,192.81,12.72,PROD_HOME_04,bed_bath_table,3,credit_card
ORD_01160,CUST_0114,2024-03-23 11:04:17,2024-03-30 11:04:17,2024-03-29 11:04:17,63.28,24.34,PROD_FITNESS_05,sports_leisure,3,credit_card
ORD_01161,CUST_0118,2024-03-23 23:31:07,2024-03-31 23:31:07,2024-04-01 23:31:07,140.04,11.14,PROD_ELEC_01,electronics,4,credit_card
ORD_01162,CUST_0141,2024-03-24 11:57:56,2024-04-02 11:57:56,2024-04-01 11:57:56,70.13,23.27,PROD_BEAUTY_02,health_beauty,3,credit_card
ORD_01163,CUST_0029,2024-03-25 00:24:45,2024-03-28 00:24:45,2024-04-04 00:24:45,106.21,22.22,PROD_WATCH_03,watches_gifts,4,credit_card
ORD_01164,CUST_0001,2024-03-25 12:51:34,2024-03-30 12:51:34,2024-04-01 12:51:34,137.74,15.49,PROD_HOME_04,bed_bath_table,4,credit_card
ORD_01165,CUST_0063,2024-03-26 01:18:23,2024-04-01 01:18:23,2024-04-01 01:18:23,96.89,9.28,PROD_FITNESS_05,sports_leisure,5,credit_card
ORD_01166,CUST_0010,2024-03-26 13:45:12,2024-04-07 13:45:12,2024-04-03 13:45:12,163.46,14.95,PROD_ELEC_01,electronics,1,credit_card
ORD_01167,CUST_0032,2024-03-27 02:12:02,2024-03-31 02:12:02,2024-04-06 02:12:02,112.72,17.38,PROD_BEAUTY_02,health_beauty,4,credit_card
ORD_01168,CUST_0072,2024-03-27 14:38:51,2024-04-04 14:38:51,2024-04-02 14:38:51,196.98,11.04,PROD_WATCH_03,watches_gifts,5,credit_card
ORD_01169,CUST_0008,2024-03-28 03:05:40,2024-04-01 03:05:40,2024-04-05 03:05:40,77.28,20.28,PROD_HOME_04,bed_bath_table,5,credit_card
ORD_01170,CUST_0144,2024-03-28 15:32:29,2024-04-03 15:32:29,2024-04-06 15:32:29,168.64,11.48,PROD_FITNESS_05,sports_leisure,4,credit_card
ORD_01171,CUST_0007,2024-03-29 03:59:18,2024-04-10 03:59:18,2024-04-04 03:59:18,69.7,8.45,PROD_ELEC_01,electronics,3,credit_card
ORD_01172,CUST_0036,2024-03-29 16:26:07,2024-04-02 16:26:07,2024-04-05 16:26:07,220.78,18.62,PROD_BEAUTY_02,health_beauty,4,credit_card
ORD_01173,CUST_0130,2024-03-30 04:52:57,2024-04-04 04:52:57,2024-04-08 04:52:57,203.59,13.87,PROD_WATCH_03,watches_gifts,5,credit_card
ORD_01174,CUST_0137,2024-03-30 17:19:46,2024-04-03 17:19:46,2024-04-09 17:19:46,88.31,24.12,PROD_HOME_04,bed_bath_table,5,credit_card
ORD_01175,CUST_0024,2024-03-31 05:46:35,2024-04-03 05:46:35,2024-04-07 05:46:35,146.64,24.75,PROD_FITNESS_05,sports_leisure,4,credit_card
ORD_01176,CUST_0114,2024-03-31 18:13:24,2024-04-05 18:13:24,2024-04-06 18:13:24,82.77,17.21,PROD_ELEC_01,electronics,5,credit_card
ORD_01177,CUST_0103,2024-04-01 06:40:13,2024-04-12 06:40:13,2024-04-12 06:40:13,163.69,15.17,PROD_BEAUTY_02,health_beauty,3,credit_card
ORD_01178,CUST_0029,2024-04-01 19:07:02,2024-04-05 19:07:02,2024-04-11 19:07:02,28.95,23.54,PROD_WATCH_03,watches_gifts,2,credit_card
ORD_01179,CUST_0100,2024-04-02 07:33:52,2024-04-13 07:33:52,2024-04-13 07:33:52,39.44,14.89,PROD_HOME_04,bed_bath_table,4,credit_card
ORD_01180,CUST_0076,2024-04-02 20:00:41,2024-04-11 20:00:41,2024-04-12 20:00:41,27.36,10.33,PROD_FITNESS_05,sports_leisure,5,credit_card
ORD_01181,CUST_0134,2024-04-03 08:27:30,2024-04-16 08:27:30,2024-04-10 08:27:30,154.11,19.31,PROD_ELEC_01,electronics,3,credit_card
ORD_01182,CUST_0145,2024-04-03 20:54:19,2024-04-15 20:54:19,2024-04-13 20:54:19,107.37,16.82,PROD_BEAUTY_02,health_beauty,1,credit_card
ORD_01183,CUST_0054,2024-04-04 09:21:08,2024-04-17 09:21:08,2024-04-10 09:21:08,42.8,18.25,PROD_WATCH_03,watches_gifts,3,credit_card
ORD_01184,CUST_0149,2024-04-04 21:47:57,2024-04-17 21:47:57,2024-04-12 21:47:57,101.47,20.22,PROD_HOME_04,bed_bath_table,4,credit_card
ORD_01185,CUST_0054,2024-04-05 10:14:47,2024-04-09 10:14:47,2024-04-16 10:14:47,54.03,16.22,PROD_FITNESS_05,sports_leisure,4,credit_card
ORD_01186,CUST_0148,2024-04-05 22:41:36,2024-04-10 22:41:36,2024-04-13 22:41:36,205.93,22.39,PROD_ELEC_01,electronics,5,credit_card
ORD_01187,CUST_0073,2024-04-06 11:08:25,2024-04-17 11:08:25,2024-04-12 11:08:25,113.75,19.98,PROD_BEAUTY_02,health_beauty,4,credit_card
ORD_01188,CUST_0025,2024-04-06 23:35:14,2024-04-15 23:35:14,2024-04-14 23:35:14,201.11,21.59,PROD_WATCH_03,watches_gifts,5,credit_card
ORD_01189,CUST_0102,2024-04-07 12:02:03,2024-04-11 12:02:03,2024-04-16 12:02:03,102.61,9.56,PROD_HOME_04,bed_bath_table,5,credit_card
ORD_01190,CUST_0017,2024-04-08 00:28:52,2024-04-20 00:28:52,2024-04-14 00:28:52,120.89,11.15,PROD_FITNESS_05,sports_leisure,4,credit_card
ORD_01191,CUST_0083,2024-04-08 12:55:42,2024-04-18 12:55:42,2024-04-18 12:55:42,188.19,20.31,PROD_ELEC_01,electronics,5,credit_card
ORD_01192,CUST_0025,2024-04-09 01:22:31,2024-04-13 01:22:31,2024-04-15 01:22:31,164.03,19.78,PROD_BEAUTY_02,health_beauty,2,credit_card
ORD_01193,CUST_0026,2024-04-09 13:49:20,2024-04-21 13:49:20,2024-04-15 13:49:20,63.82,17.66,PROD_WATCH_03,watches_gifts,5,credit_card
ORD_01194,CUST_0014,2024-04-10 02:16:09,2024-04-17 02:16:09,2024-04-16 02:16:09,66.41,9.96,PROD_HOME_04,bed_bath_table,4,credit_card
ORD_01195,CUST_0082,2024-04-10 14:42:58,2024-04-16 14:42:58,2024-04-18 14:42:58,93.61,22.09,PROD_FITNESS_05,sports_leisure,1,credit_card
ORD_01196,CUST_0108,2024-04-11 03:09:47,2024-04-15 03:09:47,2024-04-19 03:09:47,174.7,13.78,PROD_ELEC_01,electronics,5,credit_card
ORD_01197,CUST_0108,2024-04-11 15:36:37,2024-04-20 15:36:37,2024-04-17 15:36:37,140.76,19.25,PROD_BEAUTY_02,health_beauty,5,credit_card
ORD_01198,CUST_0016,2024-04-12 04:03:26,2024-04-24 04:03:26,2024-04-21 04:03:26,75.09,8.41,PROD_WATCH_03,watches_gifts,5,credit_card
ORD_01199,CUST_0013,2024-04-12 16:30:15,2024-04-16 16:30:15,2024-04-20 16:30:15,40.06,8.16,PROD_HOME_04,bed_bath_table,2,credit_card
ORD_01200,CUST_0062,2024-04-13 04:57:04,2024-04-20 04:57:04,2024-04-22 04:57:04,159.91,22.85,PROD_FITNESS_05,sports_leisure,5,credit_card
ORD_01201,CUST_0010,2024-04-13 17:23:53,2024-04-24 17:23:53,2024-04-22 17:23:53,183.58,12.06,PROD_ELEC_01,electronics,2,credit_card
ORD_01202,CUST_0142,2024-04-14 05:50:42,2024-04-24 05:50:42,2024-04-25 05:50:42,208.36,20.16,PROD_BEAUTY_02,health_beauty,4,credit_card
ORD_01203,CUST_0073,2024-04-14 18:17:32,2024-04-17 18:17:32,2024-04-20 18:17:32,171.12,11.71,PROD_WATCH_03,watches_gifts,5,credit_card
ORD_01204,CUST_0061,2024-04-15 06:44:21,2024-04-22 06:44:21,2024-04-23 06:44:21,151.54,24.7,PROD_HOME_04,bed_bath_table,5,credit_card
ORD_01205,CUST_0088,2024-04-15 19:11:10,2024-04-28 19:11:10,2024-04-26 19:11:10,156.88,10.84,PROD_FITNESS_05,sports_leisure,5,credit_card
ORD_01206,CUST_0059,2024-04-16 07:37:59,2024-04-26 07:37:59,2024-04-25 07:37:59,205.13,11.92,PROD_ELEC_01,electronics,5,credit_card
ORD_01207,CUST_0110,2024-04-16 20:04:48,2024-04-28 20:04:48,2024-04-24 20:04:48,62.95,11.75,PROD_BEAUTY_02,health_beauty,3,credit_card
ORD_01208,CUST_0003,2024-04-17 08:31:37,2024-04-27 08:31:37,2024-04-28 08:31:37,197.17,18.71,PROD_WATCH_03,watches_gifts,3,credit_card
ORD_01209,CUST_0009,2024-04-17 20:58:27,2024-04-22 20:58:27,2024-04-26 20:58:27,238.91,10.96,PROD_HOME_04,bed_bath_table,4,credit_card
ORD_01210,CUST_0082,2024-04-18 09:25:16,2024-04-21 09:25:16,2024-04-26 09:25:16,200.4,11.82,PROD_FITNESS_05,sports_leisure,3,credit_card
ORD_01211,CUST_0089,2024-04-18 21:52:05,2024-04-29 21:52:05,2024-04-27 21:52:05,149.72,9.56,PROD_ELEC_01,electronics,5,credit_card
ORD_01212,CUST_0067,2024-04-19 10:18:54,2024-05-02 10:18:54,2024-04-28 10:18:54,127.49,8.75,PROD_BEAUTY_02,health_beauty,5,credit_card
ORD_01213,CUST_0009,2024-04-19 22:45:43,2024-04-29 22:45:43,2024-04-25 22:45:43,143.43,9.48,PROD_WATCH_03,watches_gifts,4,credit_card
ORD_01214,CUST_0038,2024-04-20 11:12:33,2024-04-30 11:12:33,2024-04-28 11:12:33,180.54,16.43,PROD_HOME_04,bed_bath_table,2,credit_card
ORD_01215,CUST_0060,2024-04-20 23:39:22,2024-04-27 23:39:22,2024-04-30 23:39:22,208.01,16.42,PROD_FITNESS_05,sports_leisure,4,credit_card
ORD_01216,CUST_0093,2024-04-21 12:06:11,2024-04-26 12:06:11,2024-04-28 12:06:11,147.83,19.26,PROD_ELEC_01,electronics,4,credit_card
ORD_01217,CUST_0033,2024-04-22 00:33:00,2024-04-30 00:33:00,2024-04-30 00:33:00,211.65,12.17,PROD_BEAUTY_02,health_beauty,3,credit_card
ORD_01218,CUST_0048,2024-04-22 12:59:49,2024-05-03 12:59:49,2024-05-02 12:59:49,204.96,19.86,PROD_WATCH_03,watches_gifts,5,credit_card
ORD_01219,CUST_0007,2024-04-23 01:26:38,2024-04-30 01:26:38,2024-05-01 01:26:38,231.68,15.91,PROD_HOME_04,bed_bath_table,5,credit_card
ORD_01220,CUST_0138,2024-04-23 13:53:28,2024-05-06 13:53:28,2024-05-03 13:53:28,184.85,10.73,PROD_FITNESS_05,sports_leisure,5,credit_card
ORD_01221,CUST_0077,2024-04-24 02:20:17,2024-05-03 02:20:17,2024-05-01 02:20:17,86.71,18.49,PROD_ELEC_01,electronics,5,credit_card
ORD_01222,CUST_0017,2024-04-24 14:47:06,2024-05-04 14:47:06,2024-05-01 14:47:06,161.31,17.18,PROD_BEAUTY_02,health_beauty,5,credit_card
ORD_01223,CUST_0070,2024-04-25 03:13:55,2024-04-30 03:13:55,2024-05-06 03:13:55,28.96,15.35,PROD_WATCH_03,watches_gifts,5,credit_card
ORD_01224,CUST_0060,2024-04-25 15:40:44,2024-05-02 15:40:44,2024-05-05 15:40:44,194.59,10.95,PROD_HOME_04,bed_bath_table,5,credit_card
ORD_01225,CUST_0068,2024-04-26 04:07:33,2024-05-09 04:07:33,2024-05-02 04:07:33,190.76,20.05,PROD_FITNESS_05,sports_leisure,4,credit_card
ORD_01226,CUST_0022,2024-04-26 16:34:23,2024-05-08 16:34:23,2024-05-04 16:34:23,208.27,24.83,PROD_ELEC_01,electronics,5,credit_card
ORD_01227,CUST_0125,2024-04-27 05:01:12,2024-05-06 05:01:12,2024-05-07 05:01:12,29.76,13.5,PROD_BEAUTY_02,health_beauty,4,credit_card
ORD_01228,CUST_0058,2024-04-27 17:28:01,2024-05-06 17:28:01,2024-05-04 17:28:01,59.17,15.97,PROD_WATCH_03,watches_gifts,5,credit_card
ORD_01229,CUST_0099,2024-04-28 05:54:50,2024-05-09 05:54:50,2024-05-08 05:54:50,174.14,11.75,PROD_HOME_04,bed_bath_table,2,credit_card
ORD_01230,CUST_0084,2024-04-28 18:21:39,2024-05-06 18:21:39,2024-05-06 18:21:39,83.75,24.16,PROD_FITNESS_05,sports_leisure,3,credit_card
ORD_01231,CUST_0092,2024-04-29 06:48:28,2024-05-06 06:48:28,2024-05-09 06:48:28,162.28,14.76,PROD_ELEC_01,electronics,4,credit_card
ORD_01232,CUST_0131,2024-04-29 19:15:18,2024-05-12 19:15:18,2024-05-05 19:15:18,93.96,20.32,PROD_BEAUTY_02,health_beauty,5,credit_card
ORD_01233,CUST_0064,2024-04-30 07:42:07,2024-05-03 07:42:07,2024-05-06 07:42:07,178.71,17.57,PROD_WATCH_03,watches_gifts,4,credit_card
ORD_01234,CUST_0027,2024-04-30 20:08:56,2024-05-10 20:08:56,2024-05-09 20:08:56,64.89,22.77,PROD_HOME_04,bed_bath_table,5,credit_card
ORD_01235,CUST_0079,2024-05-01 08:35:45,2024-05-14 08:35:45,2024-05-12 08:35:45,139.03,8.3,PROD_FITNESS_05,sports_leisure,5,credit_card
ORD_01236,CUST_0024,2024-05-01 21:02:34,2024-05-13 21:02:34,2024-05-09 21:02:34,64.87,15.86,PROD_ELEC_01,electronics,1,credit_card
ORD_01237,CUST_0017,2024-05-02 09:29:23,2024-05-08 09:29:23,2024-05-11 09:29:23,145.06,11.83,PROD_BEAUTY_02,health_beauty,3,credit_card
ORD_01238,CUST_0117,2024-05-02 21:56:13,2024-05-06 21:56:13,2024-05-10 21:56:13,236.64,10.54,PROD_WATCH_03,watches_gifts,4,credit_card
ORD_01239,CUST_0064,2024-05-03 10:23:02,2024-05-07 10:23:02,2024-05-14 10:23:02,234.56,20.27,PROD_HOME_04,bed_bath_table,5,credit_card
ORD_01240,CUST_0033,2024-05-03 22:49:51,2024-05-11 22:49:51,2024-05-09 22:49:51,33.52,16.17,PROD_FITNESS_05,sports_leisure,2,credit_card
ORD_01241,CUST_0145,2024-05-04 11:16:40,2024-05-15 11:16:40,2024-05-15 11:16:40,55.64,16.48,PROD_ELEC_01,electronics,5,credit_card
ORD_01242,CUST_0148,2024-05-04 23:43:29,2024-05-07 23:43:29,2024-05-11 23:43:29,191.8,24.0,PROD_BEAUTY_02,health_beauty,2,credit_card
ORD_01243,CUST_0033,2024-05-05 12:10:18,2024-05-16 12:10:18,2024-05-15 12:10:18,42.74,22.02,PROD_WATCH_03,watches_gifts,4,credit_card
ORD_01244,CUST_0103,2024-05-06 00:37:08,2024-05-10 00:37:08,2024-05-17 00:37:08,147.02,19.72,PROD_HOME_04,bed_bath_table,5,credit_card
ORD_01245,CUST_0106,2024-05-06 13:03:57,2024-05-15 13:03:57,2024-05-15 13:03:57,47.48,18.82,PROD_FITNESS_05,sports_leisure,5,credit_card
ORD_01246,CUST_0134,2024-05-07 01:30:46,2024-05-18 01:30:46,2024-05-18 01:30:46,157.57,18.42,PROD_ELEC_01,electronics,4,credit_card
ORD_01247,CUST_0008,2024-05-07 13:57:35,2024-05-17 13:57:35,2024-05-14 13:57:35,159.44,21.32,PROD_BEAUTY_02,health_beauty,5,credit_card
ORD_01248,CUST_0127,2024-05-08 02:24:24,2024-05-17 02:24:24,2024-05-16 02:24:24,217.39,17.31,PROD_WATCH_03,watches_gifts,5,credit_card
ORD_01249,CUST_0127,2024-05-08 14:51:13,2024-05-13 14:51:13,2024-05-14 14:51:13,60.26,15.46,PROD_HOME_04,bed_bath_table,5,credit_card
ORD_01250,CUST_0012,2024-05-09 03:18:03,2024-05-18 03:18:03,2024-05-18 03:18:03,59.3,22.82,PROD_FITNESS_05,sports_leisure,3,credit_card
ORD_01251,CUST_0055,2024-05-09 15:44:52,2024-05-15 15:44:52,2024-05-19 15:44:52,64.16,21.42,PROD_ELEC_01,electronics,5,credit_card
ORD_01252,CUST_0051,2024-05-10 04:11:41,2024-05-14 04:11:41,2024-05-21 04:11:41,179.63,11.88,PROD_BEAUTY_02,health_beauty,5,credit_card
ORD_01253,CUST_0105,2024-05-10 16:38:30,2024-05-23 16:38:30,2024-05-18 16:38:30,42.53,14.86,PROD_WATCH_03,watches_gifts,3,credit_card
ORD_01254,CUST_0097,2024-05-11 05:05:19,2024-05-20 05:05:19,2024-05-20 05:05:19,62.45,24.33,PROD_HOME_04,bed_bath_table,4,credit_card
ORD_01255,CUST_0024,2024-05-11 17:32:08,2024-05-17 17:32:08,2024-05-21 17:32:08,99.38,14.31,PROD_FITNESS_05,sports_leisure,5,credit_card
ORD_01256,CUST_0050,2024-05-12 05:58:58,2024-05-15 05:58:58,2024-05-20 05:58:58,149.42,15.46,PROD_ELEC_01,electronics,5,credit_card
ORD_01257,CUST_0066,2024-05-12 18:25:47,2024-05-16 18:25:47,2024-05-21 18:25:47,115.67,12.71,PROD_BEAUTY_02,health_beauty,4,credit_card
ORD_01258,CUST_0125,2024-05-13 06:52:36,2024-05-18 06:52:36,2024-05-23 06:52:36,125.15,22.21,PROD_WATCH_03,watches_gifts,3,credit_card
ORD_01259,CUST_0026,2024-05-13 19:19:25,2024-05-23 19:19:25,2024-05-22 19:19:25,220.44,11.05,PROD_HOME_04,bed_bath_table,3,credit_card
ORD_01260,CUST_0078,2024-05-14 07:46:14,2024-05-18 07:46:14,2024-05-24 07:46:14,208.69,16.37,PROD_FITNESS_05,sports_leisure,3,credit_card
ORD_01261,CUST_0060,2024-05-14 20:13:03,2024-05-24 20:13:03,2024-05-20 20:13:03,167.46,9.62,PROD_ELEC_01,electronics,5,credit_card
ORD_01262,CUST_0089,2024-05-15 08:39:53,2024-05-26 08:39:53,2024-05-24 08:39:53,80.5,19.16,PROD_BEAUTY_02,health_beauty,4,credit_card
ORD_01263,CUST_0045,2024-05-15 21:06:42,2024-05-24 21:06:42,2024-05-23 21:06:42,215.0,15.51,PROD_WATCH_03,watches_gifts,4,credit_card
ORD_01264,CUST_0093,2024-05-16 09:33:31,2024-05-28 09:33:31,2024-05-25 09:33:31,203.21,15.33,PROD_HOME_04,bed_bath_table,3,credit_card
ORD_01265,CUST_0001,2024-05-16 22:00:20,2024-05-27 22:00:20,2024-05-27 22:00:20,61.04,8.62,PROD_FITNESS_05,sports_leisure,5,credit_card
ORD_01266,CUST_0049,2024-05-17 10:27:09,2024-05-20 10:27:09,2024-05-26 10:27:09,120.97,22.69,PROD_ELEC_01,electronics,4,credit_card
ORD_01267,CUST_0148,2024-05-17 22:53:58,2024-05-21 22:53:58,2024-05-28 22:53:58,37.27,17.03,PROD_BEAUTY_02,health_beauty,5,credit_card
ORD_01268,CUST_0029,2024-05-18 11:20:48,2024-05-21 11:20:48,2024-05-26 11:20:48,122.22,23.88,PROD_WATCH_03,watches_gifts,4,credit_card
ORD_01269,CUST_0012,2024-05-18 23:47:37,2024-05-30 23:47:37,2024-05-27 23:47:37,237.13,24.41,PROD_HOME_04,bed_bath_table,1,credit_card
ORD_01270,CUST_0050,2024-05-19 12:14:26,2024-05-30 12:14:26,2024-05-27 12:14:26,130.1,19.34,PROD_FITNESS_05,sports_leisure,3,credit_card
ORD_01271,CUST_0128,2024-05-20 00:41:15,2024-05-26 00:41:15,2024-05-27 00:41:15,68.4,19.45,PROD_ELEC_01,electronics,5,credit_card
ORD_01272,CUST_0129,2024-05-20 13:08:04,2024-05-29 13:08:04,2024-05-30 13:08:04,120.41,22.76,PROD_BEAUTY_02,health_beauty,3,credit_card
ORD_01273,CUST_0034,2024-05-21 01:34:53,2024-05-24 01:34:53,2024-05-28 01:34:53,105.47,8.3,PROD_WATCH_03,watches_gifts,3,credit_card
ORD_01274,CUST_0026,2024-05-21 14:01:43,2024-05-31 14:01:43,2024-05-27 14:01:43,31.53,23.83,PROD_HOME_04,bed_bath_table,5,credit_card
ORD_01275,CUST_0033,2024-05-22 02:28:32,2024-05-25 02:28:32,2024-05-30 02:28:32,227.29,22.06,PROD_FITNESS_05,sports_leisure,5,credit_card
ORD_01276,CUST_0105,2024-05-22 14:55:21,2024-06-03 14:55:21,2024-06-02 14:55:21,166.44,24.99,PROD_ELEC_01,electronics,1,credit_card
ORD_01277,CUST_0073,2024-05-23 03:22:10,2024-05-26 03:22:10,2024-05-29 03:22:10,238.57,20.79,PROD_BEAUTY_02,health_beauty,2,credit_card
ORD_01278,CUST_0068,2024-05-23 15:48:59,2024-05-27 15:48:59,2024-06-02 15:48:59,189.52,23.74,PROD_WATCH_03,watches_gifts,4,credit_card
ORD_01279,CUST_0082,2024-05-24 04:15:48,2024-06-04 04:15:48,2024-06-01 04:15:48,211.81,14.39,PROD_HOME_04,bed_bath_table,4,credit_card
ORD_01280,CUST_0089,2024-05-24 16:42:38,2024-05-31 16:42:38,2024-05-30 16:42:38,103.79,14.73,PROD_FITNESS_05,sports_leisure,5,credit_card
ORD_01281,CUST_0060,2024-05-25 05:09:27,2024-06-05 05:09:27,2024-05-31 05:09:27,76.07,14.35,PROD_ELEC_01,electronics,3,credit_card
ORD_01282,CUST_0011,2024-05-25 17:36:16,2024-05-30 17:36:16,2024-06-05 17:36:16,163.15,20.91,PROD_BEAUTY_02,health_beauty,4,credit_card
ORD_01283,CUST_0085,2024-05-26 06:03:05,2024-06-07 06:03:05,2024-06-02 06:03:05,128.02,8.44,PROD_WATCH_03,watches_gifts,4,credit_card
ORD_01284,CUST_0012,2024-05-26 18:29:54,2024-06-02 18:29:54,2024-06-02 18:29:54,138.22,12.18,PROD_HOME_04,bed_bath_table,4,credit_card
ORD_01285,CUST_0043,2024-05-27 06:56:44,2024-06-05 06:56:44,2024-06-07 06:56:44,185.58,20.16,PROD_FITNESS_05,sports_leisure,4,credit_card
ORD_01286,CUST_0021,2024-05-27 19:23:33,2024-06-05 19:23:33,2024-06-04 19:23:33,26.63,19.01,PROD_ELEC_01,electronics,5,credit_card
ORD_01287,CUST_0025,2024-05-28 07:50:22,2024-06-03 07:50:22,2024-06-05 07:50:22,106.72,11.35,PROD_BEAUTY_02,health_beauty,4,credit_card
ORD_01288,CUST_0019,2024-05-28 20:17:11,2024-06-01 20:17:11,2024-06-08 20:17:11,129.46,12.37,PROD_WATCH_03,watches_gifts,4,credit_card
ORD_01289,CUST_0027,2024-05-29 08:44:00,2024-06-03 08:44:00,2024-06-05 08:44:00,156.22,20.17,PROD_HOME_04,bed_bath_table,4,credit_card
ORD_01290,CUST_0132,2024-05-29 21:10:49,2024-06-10 21:10:49,2024-06-04 21:10:49,137.33,10.09,PROD_FITNESS_05,sports_leisure,5,credit_card
ORD_01291,CUST_0039,2024-05-30 09:37:39,2024-06-08 09:37:39,2024-06-05 09:37:39,146.97,12.36,PROD_ELEC_01,electronics,5,credit_card
ORD_01292,CUST_0118,2024-05-30 22:04:28,2024-06-08 22:04:28,2024-06-10 22:04:28,143.3,8.74,PROD_BEAUTY_02,health_beauty,5,credit_card
ORD_01293,CUST_0123,2024-05-31 10:31:17,2024-06-09 10:31:17,2024-06-11 10:31:17,201.13,23.03,PROD_WATCH_03,watches_gifts,3,credit_card
ORD_01294,CUST_0009,2024-05-31 22:58:06,2024-06-12 22:58:06,2024-06-07 22:58:06,102.57,23.4,PROD_HOME_04,bed_bath_table,5,credit_card
ORD_01295,CUST_0049,2024-06-01 11:24:55,2024-06-13 11:24:55,2024-06-09 11:24:55,192.81,12.67,PROD_FITNESS_05,sports_leisure,5,credit_card
ORD_01296,CUST_0060,2024-06-01 23:51:44,2024-06-10 23:51:44,2024-06-08 23:51:44,199.05,21.03,PROD_ELEC_01,electronics,3,credit_card
ORD_01297,CUST_0069,2024-06-02 12:18:34,2024-06-05 12:18:34,2024-06-10 12:18:34,211.89,16.04,PROD_BEAUTY_02,health_beauty,4,credit_card
ORD_01298,CUST_0037,2024-06-03 00:45:23,2024-06-08 00:45:23,2024-06-12 00:45:23,69.33,18.85,PROD_WATCH_03,watches_gifts,4,credit_card
ORD_01299,CUST_0077,2024-06-03 13:12:12,2024-06-14 13:12:12,2024-06-14 13:12:12,55.48,12.67,PROD_HOME_04,bed_bath_table,4,credit_card
ORD_01300,CUST_0146,2024-06-04 01:39:01,2024-06-09 01:39:01,2024-06-11 01:39:01,117.06,20.2,PROD_FITNESS_05,sports_leisure,5,credit_card
ORD_01301,CUST_0024,2024-06-04 14:05:50,2024-06-09 14:05:50,2024-06-13 14:05:50,180.73,17.83,PROD_ELEC_01,electronics,4,credit_card
ORD_01302,CUST_0036,2024-06-05 02:32:39,2024-06-15 02:32:39,2024-06-15 02:32:39,217.25,11.26,PROD_BEAUTY_02,health_beauty,4,credit_card
ORD_01303,CUST_0123,2024-06-05 14:59:29,2024-06-13 14:59:29,2024-06-11 14:59:29,157.69,15.52,PROD_WATCH_03,watches_gifts,5,credit_card
ORD_01304,CUST_0005,2024-06-06 03:26:18,2024-06-19 03:26:18,2024-06-16 03:26:18,83.3,18.08,PROD_HOME_04,bed_bath_table,5,credit_card
ORD_01305,CUST_0044,2024-06-06 15:53:07,2024-06-18 15:53:07,2024-06-14 15:53:07,65.92,8.89,PROD_FITNESS_05,sports_leisure,4,credit_card
ORD_01306,CUST_0102,2024-06-07 04:19:56,2024-06-10 04:19:56,2024-06-15 04:19:56,182.09,15.91,PROD_ELEC_01,electronics,2,credit_card
ORD_01307,CUST_0044,2024-06-07 16:46:45,2024-06-19 16:46:45,2024-06-16 16:46:45,231.76,18.79,PROD_BEAUTY_02,health_beauty,5,credit_card
ORD_01308,CUST_0055,2024-06-08 05:13:34,2024-06-20 05:13:34,2024-06-19 05:13:34,115.88,21.97,PROD_WATCH_03,watches_gifts,1,credit_card
ORD_01309,CUST_0144,2024-06-08 17:40:24,2024-06-18 17:40:24,2024-06-17 17:40:24,127.1,14.5,PROD_HOME_04,bed_bath_table,2,credit_card
ORD_01310,CUST_0115,2024-06-09 06:07:13,2024-06-19 06:07:13,2024-06-20 06:07:13,238.38,23.76,PROD_FITNESS_05,sports_leisure,4,credit_card
ORD_01311,CUST_0121,2024-06-09 18:34:02,2024-06-16 18:34:02,2024-06-18 18:34:02,159.07,9.52,PROD_ELEC_01,electronics,5,credit_card
ORD_01312,CUST_0016,2024-06-10 07:00:51,2024-06-18 07:00:51,2024-06-19 07:00:51,177.38,8.61,PROD_BEAUTY_02,health_beauty,4,credit_card
ORD_01313,CUST_0114,2024-06-10 19:27:40,2024-06-14 19:27:40,2024-06-16 19:27:40,43.84,23.93,PROD_WATCH_03,watches_gifts,4,credit_card
ORD_01314,CUST_0075,2024-06-11 07:54:29,2024-06-16 07:54:29,2024-06-20 07:54:29,85.14,24.02,PROD_HOME_04,bed_bath_table,5,credit_card
ORD_01315,CUST_0006,2024-06-11 20:21:19,2024-06-16 20:21:19,2024-06-22 20:21:19,131.85,24.87,PROD_FITNESS_05,sports_leisure,5,credit_card
ORD_01316,CUST_0012,2024-06-12 08:48:08,2024-06-15 08:48:08,2024-06-19 08:48:08,141.04,18.68,PROD_ELEC_01,electronics,5,credit_card
ORD_01317,CUST_0134,2024-06-12 21:14:57,2024-06-17 21:14:57,2024-06-21 21:14:57,201.03,13.48,PROD_BEAUTY_02,health_beauty,1,credit_card
ORD_01318,CUST_0091,2024-06-13 09:41:46,2024-06-17 09:41:46,2024-06-21 09:41:46,99.41,24.59,PROD_WATCH_03,watches_gifts,5,credit_card
ORD_01319,CUST_0025,2024-06-13 22:08:35,2024-06-17 22:08:35,2024-06-19 22:08:35,128.06,13.33,PROD_HOME_04,bed_bath_table,5,credit_card
ORD_01320,CUST_0065,2024-06-14 10:35:24,2024-06-22 10:35:24,2024-06-25 10:35:24,62.59,16.54,PROD_FITNESS_05,sports_leisure,4,credit_card
ORD_01321,CUST_0025,2024-06-14 23:02:14,2024-06-21 23:02:14,2024-06-21 23:02:14,39.66,8.44,PROD_ELEC_01,electronics,3,credit_card
ORD_01322,CUST_0068,2024-06-15 11:29:03,2024-06-21 11:29:03,2024-06-22 11:29:03,84.72,22.47,PROD_BEAUTY_02,health_beauty,1,credit_card
ORD_01323,CUST_0043,2024-06-15 23:55:52,2024-06-19 23:55:52,2024-06-24 23:55:52,103.43,14.57,PROD_WATCH_03,watches_gifts,4,credit_card
ORD_01324,CUST_0010,2024-06-16 12:22:41,2024-06-27 12:22:41,2024-06-23 12:22:41,129.19,20.82,PROD_HOME_04,bed_bath_table,5,credit_card
ORD_01325,CUST_0083,2024-06-17 00:49:30,2024-06-28 00:49:30,2024-06-25 00:49:30,41.05,21.31,PROD_FITNESS_05,sports_leisure,4,credit_card
ORD_01326,CUST_0007,2024-06-17 13:16:19,2024-06-20 13:16:19,2024-06-26 13:16:19,161.14,11.89,PROD_ELEC_01,electronics,3,credit_card
ORD_01327,CUST_0124,2024-06-18 01:43:09,2024-06-24 01:43:09,2024-06-28 01:43:09,159.14,16.96,PROD_BEAUTY_02,health_beauty,4,credit_card
ORD_01328,CUST_0063,2024-06-18 14:09:58,2024-06-25 14:09:58,2024-06-27 14:09:58,112.03,19.12,PROD_WATCH_03,watches_gifts,4,credit_card
ORD_01329,CUST_0092,2024-06-19 02:36:47,2024-06-27 02:36:47,2024-06-30 02:36:47,63.03,14.58,PROD_HOME_04,bed_bath_table,5,credit_card
ORD_01330,CUST_0130,2024-06-19 15:03:36,2024-07-02 15:03:36,2024-06-29 15:03:36,29.13,12.42,PROD_FITNESS_05,sports_leisure,5,credit_card
ORD_01331,CUST_0058,2024-06-20 03:30:25,2024-06-30 03:30:25,2024-06-30 03:30:25,71.27,8.21,PROD_ELEC_01,electronics,3,credit_card
ORD_01332,CUST_0082,2024-06-20 15:57:14,2024-06-27 15:57:14,2024-06-30 15:57:14,34.17,14.31,PROD_BEAUTY_02,health_beauty,4,credit_card
ORD_01333,CUST_0139,2024-06-21 04:24:04,2024-06-28 04:24:04,2024-06-30 04:24:04,82.19,10.54,PROD_WATCH_03,watches_gifts,2,credit_card
ORD_01334,CUST_0034,2024-06-21 16:50:53,2024-06-27 16:50:53,2024-06-30 16:50:53,165.12,21.78,PROD_HOME_04,bed_bath_table,5,credit_card
ORD_01335,CUST_0042,2024-06-22 05:17:42,2024-06-29 05:17:42,2024-06-29 05:17:42,216.8,24.24,PROD_FITNESS_05,sports_leisure,5,credit_card
ORD_01336,CUST_0137,2024-06-22 17:44:31,2024-07-03 17:44:31,2024-06-28 17:44:31,198.91,9.3,PROD_ELEC_01,electronics,4,credit_card
ORD_01337,CUST_0058,2024-06-23 06:11:20,2024-07-03 06:11:20,2024-07-03 06:11:20,202.4,16.42,PROD_BEAUTY_02,health_beauty,4,credit_card
ORD_01338,CUST_0079,2024-06-23 18:38:09,2024-06-26 18:38:09,2024-07-02 18:38:09,121.88,23.0,PROD_WATCH_03,watches_gifts,2,credit_card
ORD_01339,CUST_0087,2024-06-24 07:04:59,2024-07-01 07:04:59,2024-07-04 07:04:59,33.17,20.69,PROD_HOME_04,bed_bath_table,5,credit_card
ORD_01340,CUST_0017,2024-06-24 19:31:48,2024-07-01 19:31:48,2024-07-03 19:31:48,183.56,14.01,PROD_FITNESS_05,sports_leisure,4,credit_card
ORD_01341,CUST_0139,2024-06-25 07:58:37,2024-07-01 07:58:37,2024-07-03 07:58:37,167.19,11.15,PROD_ELEC_01,electronics,3,credit_card
ORD_01342,CUST_0005,2024-06-25 20:25:26,2024-07-02 20:25:26,2024-07-06 20:25:26,203.56,9.17,PROD_BEAUTY_02,health_beauty,4,credit_card
ORD_01343,CUST_0111,2024-06-26 08:52:15,2024-06-29 08:52:15,2024-07-02 08:52:15,234.84,19.34,PROD_WATCH_03,watches_gifts,1,credit_card
ORD_01344,CUST_0036,2024-06-26 21:19:04,2024-07-02 21:19:04,2024-07-07 21:19:04,39.89,24.32,PROD_HOME_04,bed_bath_table,4,credit_card
ORD_01345,CUST_0114,2024-06-27 09:45:54,2024-07-09 09:45:54,2024-07-07 09:45:54,51.93,16.06,PROD_FITNESS_05,sports_leisure,2,credit_card
ORD_01346,CUST_0013,2024-06-27 22:12:43,2024-07-04 22:12:43,2024-07-06 22:12:43,58.68,8.74,PROD_ELEC_01,electronics,2,credit_card
ORD_01347,CUST_0146,2024-06-28 10:39:32,2024-07-07 10:39:32,2024-07-04 10:39:32,105.02,15.35,PROD_BEAUTY_02,health_beauty,4,credit_card
ORD_01348,CUST_0114,2024-06-28 23:06:21,2024-07-06 23:06:21,2024-07-07 23:06:21,76.75,10.07,PROD_WATCH_03,watches_gifts,3,credit_card
ORD_01349,CUST_0113,2024-06-29 11:33:10,2024-07-09 11:33:10,2024-07-09 11:33:10,86.47,21.87,PROD_HOME_04,bed_bath_table,5,credit_card
ORD_01350,CUST_0012,2024-06-30 00:00:00,2024-07-11 00:00:00,2024-07-07 00:00:00,161.76,11.76,PROD_FITNESS_05,sports_leisure,5,credit_card
